[{"family":"MaterialIcons","fonts":[{"asset":"fonts/MaterialIcons-Regular.otf"}]},{"family":"GilroyBold","fonts":[{"asset":"res/fonts/gilroy_bold.otf"}]},{"family":"GilroyMedium","fonts":[{"asset":"res/fonts/gilroy_medium.otf"}]},{"family":"GilroyRegular","fonts":[{"asset":"res/fonts/gilroy_regular.otf"}]},{"family":"GilroySemiBold","fonts":[{"asset":"res/fonts/gilroy_semi_bold.otf"}]},{"family":"packages/cupertino_icons/CupertinoIcons","fonts":[{"asset":"packages/cupertino_icons/assets/CupertinoIcons.ttf"}]},{"family":"packages/ionicons/Ionicons","fonts":[{"asset":"packages/ionicons/fonts/Ionicons.ttf"}]}]